{
  "mode": "fake_craftax_proxy",
  "ranked_by_search_score": [
    [
      "baseline",
      2.0062500000000005
    ],
    [
      "todo_refresh",
      2.00625
    ],
    [
      "durable",
      1.9343750000000002
    ]
  ],
  "request_model": "gpt-4.1-nano",
  "results": {
    "baseline": {
      "llm_calls": [
        4.0,
        4.0,
        3.0,
        3.0
      ],
      "mean_outcome_reward": 2.0,
      "mean_search_score": 2.0062500000000005,
      "name": "baseline",
      "rewards": [
        2.0,
        2.0,
        2.0,
        2.0
      ],
      "search_scores": [
        1.9375000000000002,
        1.925,
        2.0875000000000004,
        2.075
      ]
    },
    "durable": {
      "llm_calls": [
        4.0,
        4.0,
        4.0,
        4.0
      ],
      "mean_outcome_reward": 2.0,
      "mean_search_score": 1.9343750000000002,
      "name": "durable",
      "rewards": [
        2.0,
        2.0,
        2.0,
        2.0
      ],
      "search_scores": [
        1.9375000000000002,
        1.9375000000000002,
        1.925,
        1.9375000000000002
      ]
    },
    "todo_refresh": {
      "llm_calls": [
        3.0,
        3.0,
        4.0,
        4.0
      ],
      "mean_outcome_reward": 2.0,
      "mean_search_score": 2.00625,
      "name": "todo_refresh",
      "rewards": [
        2.0,
        2.0,
        2.0,
        2.0
      ],
      "search_scores": [
        2.075,
        2.075,
        1.9375000000000002,
        1.9375000000000002
      ]
    }
  },
  "rollout_cfg": {
    "enable_thinking": true,
    "max_concurrent_rollouts": 1,
    "max_steps": 2,
    "max_tokens": 128,
    "min_action_batch_size": 3,
    "request_timeout_seconds": 60,
    "rollout_concurrency": 1,
    "rollout_semaphore_limit": 1,
    "target_action_batch_size": 4,
    "temperature": 0.0,
    "thinking_budget_tokens": 2000
  },
  "seeds": [
    10001,
    10002,
    10004,
    10005
  ]
}
